Ticker,Model,MAPE (%),Median APE (%),Std Error,Coverage (%),Directional Accuracy (%),Value at Risk (%),Expected Shortfall (%),Buy and Hold Return (%),Strategy,Strategy Return (%)
AAPL,GBM,27.363691398334954,24.023820842930938,24.266522186123424,90.0,70.0,-21.491335851717388,-30.288971638758028,918.7543861034019,Probability,918.7543861034019
AAPL,GBM,27.363691398334954,24.023820842930938,24.266522186123424,90.0,70.0,-21.491335851717388,-30.288971638758028,918.7543861034019,Expected Return,918.7543861034019
AAPL,GBM,27.363691398334954,24.023820842930938,24.266522186123424,90.0,70.0,-21.491335851717388,-30.288971638758028,918.7543861034019,Probability + VaR,544.8138049877831
AAPL,Historical Bootstrap,27.255832848972364,23.464478571348504,24.169791546730213,90.0,70.0,-22.13781159900568,-31.02949121584039,918.7543861034019,Probability,918.7543861034019
AAPL,Historical Bootstrap,27.255832848972364,23.464478571348504,24.169791546730213,90.0,70.0,-22.13781159900568,-31.02949121584039,918.7543861034019,Expected Return,918.7543861034019
AAPL,Historical Bootstrap,27.255832848972364,23.464478571348504,24.169791546730213,90.0,70.0,-22.13781159900568,-31.02949121584039,918.7543861034019,Probability + VaR,544.8138049877831
AAPL,Jump Diffusion,28.12294832622992,22.882112678978807,25.60804984642771,90.0,70.0,-24.124432410265307,-33.534007340795185,918.7543861034019,Probability,918.7543861034019
AAPL,Jump Diffusion,28.12294832622992,22.882112678978807,25.60804984642771,90.0,70.0,-24.124432410265307,-33.534007340795185,918.7543861034019,Expected Return,918.7543861034019
AAPL,Jump Diffusion,28.12294832622992,22.882112678978807,25.60804984642771,90.0,70.0,-24.124432410265307,-33.534007340795185,918.7543861034019,Probability + VaR,332.737563480001
AAPL,GARCH,29.68595065158309,25.769831175291756,26.820911263359392,90.0,70.0,-17.774097789343564,-27.343459942669057,918.7543861034019,Probability,918.7543861034019
AAPL,GARCH,29.68595065158309,25.769831175291756,26.820911263359392,90.0,70.0,-17.774097789343564,-27.343459942669057,918.7543861034019,Expected Return,918.7543861034019
AAPL,GARCH,29.68595065158309,25.769831175291756,26.820911263359392,90.0,70.0,-17.774097789343564,-27.343459942669057,918.7543861034019,Probability + VaR,918.7543861034019
TSLA,GBM,84.55830936354093,38.26075012638354,129.09666081058336,80.0,80.0,-39.677834402587116,-51.14048870016255,2623.618496144675,Probability,2623.618496144674
TSLA,GBM,84.55830936354093,38.26075012638354,129.09666081058336,80.0,80.0,-39.677834402587116,-51.14048870016255,2623.618496144675,Expected Return,2623.618496144674
TSLA,GBM,84.55830936354093,38.26075012638354,129.09666081058336,80.0,80.0,-39.677834402587116,-51.14048870016255,2623.618496144675,Probability + VaR,0.0
TSLA,Historical Bootstrap,85.18670890092392,37.78053224581235,130.9959481460646,80.0,80.0,-38.69155881591503,-50.32488249465661,2623.618496144675,Probability,2623.618496144674
TSLA,Historical Bootstrap,85.18670890092392,37.78053224581235,130.9959481460646,80.0,80.0,-38.69155881591503,-50.32488249465661,2623.618496144675,Expected Return,2623.618496144674
TSLA,Historical Bootstrap,85.18670890092392,37.78053224581235,130.9959481460646,80.0,80.0,-38.69155881591503,-50.32488249465661,2623.618496144675,Probability + VaR,0.0
TSLA,Jump Diffusion,117.3058376866818,67.50930306452082,159.18070604606797,80.0,80.0,-35.22981417070416,-48.22943489076963,2623.618496144675,Probability,2623.618496144674
TSLA,Jump Diffusion,117.3058376866818,67.50930306452082,159.18070604606797,80.0,80.0,-35.22981417070416,-48.22943489076963,2623.618496144675,Expected Return,2623.618496144674
TSLA,Jump Diffusion,117.3058376866818,67.50930306452082,159.18070604606797,80.0,80.0,-35.22981417070416,-48.22943489076963,2623.618496144675,Probability + VaR,0.0
TSLA,GARCH,107.72332857358285,57.09943506883165,155.6134127731854,80.0,80.0,-28.608393690638604,-42.3338965776323,2623.618496144675,Probability,2623.618496144674
TSLA,GARCH,107.72332857358285,57.09943506883165,155.6134127731854,80.0,80.0,-28.608393690638604,-42.3338965776323,2623.618496144675,Expected Return,2623.618496144674
TSLA,GARCH,107.72332857358285,57.09943506883165,155.6134127731854,80.0,80.0,-28.608393690638604,-42.3338965776323,2623.618496144675,Probability + VaR,-43.48875708920751
NVDA,GBM,62.35746256723617,34.888993954266915,64.00567696593843,70.0,80.0,-36.02999844838975,-46.26979843062206,27805.952831282273,Probability,3956.3189144320595
NVDA,GBM,62.35746256723617,34.888993954266915,64.00567696593843,70.0,80.0,-36.02999844838975,-46.26979843062206,27805.952831282273,Expected Return,27805.952831282273
NVDA,GBM,62.35746256723617,34.888993954266915,64.00567696593843,70.0,80.0,-36.02999844838975,-46.26979843062206,27805.952831282273,Probability + VaR,34.90678945053034
NVDA,Historical Bootstrap,61.935111539004765,34.826624970316274,63.211012274078925,70.0,80.0,-35.972070322523784,-46.358106874810446,27805.952831282273,Probability,3956.3189144320595
NVDA,Historical Bootstrap,61.935111539004765,34.826624970316274,63.211012274078925,70.0,80.0,-35.972070322523784,-46.358106874810446,27805.952831282273,Expected Return,27805.952831282273
NVDA,Historical Bootstrap,61.935111539004765,34.826624970316274,63.211012274078925,70.0,80.0,-35.972070322523784,-46.358106874810446,27805.952831282273,Probability + VaR,34.90678945053034
NVDA,Jump Diffusion,63.83883120709265,27.196447040824644,77.58436385032691,80.0,80.0,-38.01121783408775,-48.831034546911454,27805.952831282273,Probability,3956.3189144320595
NVDA,Jump Diffusion,63.83883120709265,27.196447040824644,77.58436385032691,80.0,80.0,-38.01121783408775,-48.831034546911454,27805.952831282273,Expected Return,27805.952831282273
NVDA,Jump Diffusion,63.83883120709265,27.196447040824644,77.58436385032691,80.0,80.0,-38.01121783408775,-48.831034546911454,27805.952831282273,Probability + VaR,34.90678945053034
NVDA,GARCH,61.016894974199055,27.63006663702513,77.01369964406528,80.0,80.0,-31.4586576313354,-43.21529625037614,27805.952831282273,Probability,5007.226275085463
NVDA,GARCH,61.016894974199055,27.63006663702513,77.01369964406528,80.0,80.0,-31.4586576313354,-43.21529625037614,27805.952831282273,Expected Return,27805.952831282273
NVDA,GARCH,61.016894974199055,27.63006663702513,77.01369964406528,80.0,80.0,-31.4586576313354,-43.21529625037614,27805.952831282273,Probability + VaR,204.19062277759764
KO,GBM,5.821979076125903,5.123370321635019,5.238778146480347,100.0,80.0,-18.385686537482997,-23.985019485964035,102.66710868665135,Probability,29.464896911131767
KO,GBM,5.821979076125903,5.123370321635019,5.238778146480347,100.0,80.0,-18.385686537482997,-23.985019485964035,102.66710868665135,Expected Return,74.33383867839309
KO,GBM,5.821979076125903,5.123370321635019,5.238778146480347,100.0,80.0,-18.385686537482997,-23.985019485964035,102.66710868665135,Probability + VaR,29.464896911131767
KO,Historical Bootstrap,5.789777673255491,4.93755202114947,5.241646499272729,100.0,80.0,-18.19080639117102,-23.959491309572037,102.66710868665135,Probability,29.464896911131767
KO,Historical Bootstrap,5.789777673255491,4.93755202114947,5.241646499272729,100.0,80.0,-18.19080639117102,-23.959491309572037,102.66710868665135,Expected Return,74.33383867839309
KO,Historical Bootstrap,5.789777673255491,4.93755202114947,5.241646499272729,100.0,80.0,-18.19080639117102,-23.959491309572037,102.66710868665135,Probability + VaR,29.464896911131767
KO,Jump Diffusion,6.2406204200510045,4.603639721491563,5.221406652809005,100.0,80.0,-21.825879810850665,-28.088660026293617,102.66710868665135,Probability,26.345253045138683
KO,Jump Diffusion,6.2406204200510045,4.603639721491563,5.221406652809005,100.0,80.0,-21.825879810850665,-28.088660026293617,102.66710868665135,Expected Return,54.30512178350142
KO,Jump Diffusion,6.2406204200510045,4.603639721491563,5.221406652809005,100.0,80.0,-21.825879810850665,-28.088660026293617,102.66710868665135,Probability + VaR,26.345253045138683
KO,GARCH,6.500840773767015,4.832374722792691,5.692466442026787,100.0,80.0,-15.717496782675894,-21.537637919073948,102.66710868665135,Probability,74.33383867839309
KO,GARCH,6.500840773767015,4.832374722792691,5.692466442026787,100.0,80.0,-15.717496782675894,-21.537637919073948,102.66710868665135,Expected Return,102.66710868665135
KO,GARCH,6.500840773767015,4.832374722792691,5.692466442026787,100.0,80.0,-15.717496782675894,-21.537637919073948,102.66710868665135,Probability + VaR,74.33383867839309
SPY,GBM,12.55549105908095,9.878846014173059,11.195823457321717,90.0,80.0,-17.405789955436433,-23.286800768041378,239.39196433201576,Probability,157.72982107349085
SPY,GBM,12.55549105908095,9.878846014173059,11.195823457321717,90.0,80.0,-17.405789955436433,-23.286800768041378,239.39196433201576,Expected Return,145.9542017745927
SPY,GBM,12.55549105908095,9.878846014173059,11.195823457321717,90.0,80.0,-17.405789955436433,-23.286800768041378,239.39196433201576,Probability + VaR,157.72982107349085
SPY,Historical Bootstrap,12.611521392348815,9.910596320693998,11.105430385191577,90.0,80.0,-17.756026167307073,-23.836233469834593,239.39196433201576,Probability,157.72982107349085
SPY,Historical Bootstrap,12.611521392348815,9.910596320693998,11.105430385191577,90.0,80.0,-17.756026167307073,-23.836233469834593,239.39196433201576,Expected Return,145.9542017745927
SPY,Historical Bootstrap,12.611521392348815,9.910596320693998,11.105430385191577,90.0,80.0,-17.756026167307073,-23.836233469834593,239.39196433201576,Probability + VaR,157.72982107349085
SPY,Jump Diffusion,12.973465474334358,11.220326670992835,10.439167649694197,90.0,80.0,-22.59842952589721,-28.983331030326486,239.39196433201576,Probability,63.558560357027226
SPY,Jump Diffusion,12.973465474334358,11.220326670992835,10.439167649694197,90.0,80.0,-22.59842952589721,-28.983331030326486,239.39196433201576,Expected Return,157.72982107349085
SPY,Jump Diffusion,12.973465474334358,11.220326670992835,10.439167649694197,90.0,80.0,-22.59842952589721,-28.983331030326486,239.39196433201576,Probability + VaR,63.558560357027226
SPY,GARCH,12.165564485742859,8.859745504781166,12.07714842168745,90.0,80.0,-14.439903941425774,-21.902163464683827,239.39196433201576,Probability,148.9900181646882
SPY,GARCH,12.165564485742859,8.859745504781166,12.07714842168745,90.0,80.0,-14.439903941425774,-21.902163464683827,239.39196433201576,Expected Return,239.39196433201576
SPY,GARCH,12.165564485742859,8.859745504781166,12.07714842168745,90.0,80.0,-14.439903941425774,-21.902163464683827,239.39196433201576,Probability + VaR,148.9900181646882
