Ticker,Model,Year,S0,Probability Up,Predicted,Actual,Actual Return (%),APE (%),VaR (%),ES (%),Lower CI,Upper CI
AAPL,GARCH,2016,24.403898239135742,0.8722,38.33436514520668,23.66843605041504,-3.013707816324468,61.964081883367484,-16.306712327964867,-27.785799617225067,20.424424756470593,64.01210546804687
AAPL,GARCH,2017,23.66843605041504,0.8115,33.56475471777271,26.622358322143555,12.480428641066535,26.077315584227218,-23.744403786500254,-33.47288972026926,18.0485070246549,55.131243692173115
AAPL,GARCH,2018,26.622358322143555,0.8226,37.454590455112125,39.52470397949219,48.464322736640916,5.237518098691296,-20.134228754656192,-29.941130623886032,21.26215179767892,59.97333225482079
AAPL,GARCH,2019,39.52470397949219,0.7988,52.53075809978163,37.39424133300781,-5.3902051931616946,40.47820259803706,-21.065026347620723,-29.666910959635473,31.198814672393063,81.48315901382799
AAPL,GARCH,2020,37.39424133300781,0.8664,52.23274529756454,70.65934753417969,88.95783151457827,26.078081498986016,-13.064510012386316,-22.336217085192533,32.508866930001105,78.61434576433062
AAPL,GARCH,2021,70.65934753417969,0.8475,96.01698779016216,128.81675720214844,82.30674595436443,25.46234676635629,-14.631419362384591,-23.63342523664835,60.3208820777291,143.92248787381064
AAPL,GARCH,2022,128.81675720214844,0.8509,181.1907639035856,173.44943237304688,34.64819029783342,4.463163369649454,-16.53380533552477,-25.882478624561543,107.51844532680963,281.5759222019527
AAPL,GARCH,2023,173.44943237304688,0.8566,244.20593615937517,127.6515121459961,-26.40419146979436,91.30673194068771,-15.2351157019142,-25.39254822983989,147.02421066669976,375.61283572977754
AAPL,GARCH,2024,127.6515121459961,0.8028,170.7824657836379,190.21102905273438,49.00805000663716,10.214214899026745,-21.02846784820435,-30.406067095022994,100.80835495662863,265.5089546709259
AAPL,GARCH,2025,190.21102905273438,0.8476,262.4831988757468,248.61578369140625,30.70524087353508,5.577849876801637,-15.997288416279416,-24.917132234409475,159.78242213559543,400.86552005753435
AAPL,GBM,2016,24.403898239135742,0.8225,35.9098055663316,23.66843605041504,-3.013707816324468,51.72022980243302,-22.01095213332094,-32.21779747605588,19.032367879055222,59.987654323304355
AAPL,GBM,2017,23.66843605041504,0.7616,31.973872491867652,26.622358322143555,12.480428641066535,20.101578173384038,-27.064450588321826,-36.40809207337065,17.26270387052191,53.04345969980439
AAPL,GBM,2018,26.622358322143555,0.7662,35.64363136752072,39.52470397949219,48.464322736640916,9.81935908738293,-25.304084840285746,-34.13581451450165,19.885814185823477,58.07389445038187
AAPL,GBM,2019,39.52470397949219,0.7268,50.12519430115222,37.39424133300781,-5.3902051931616946,34.045223313320236,-27.5445037350904,-36.159154746938746,28.637820415577536,79.90292073799677
AAPL,GBM,2020,37.39424133300781,0.8391,50.15097744825549,70.65934753417969,88.95783151457827,29.024284544948266,-16.314641603853,-24.535358828494882,31.293504879047724,74.42093060127478
AAPL,GBM,2021,70.65934753417969,0.8171,92.81754441972167,128.81675720214844,82.30674595436443,27.946063512477835,-17.273174723790845,-25.185816919932396,58.45423497591023,137.7778835680452
AAPL,GBM,2022,128.81675720214844,0.8188,173.28572302690878,173.44943237304688,34.64819029783342,0.09438448076670153,-18.68383225876943,-27.427350431464507,104.74885036531273,264.6399359139506
AAPL,GBM,2023,173.44943237304688,0.8316,236.02149470797238,127.6515121459961,-26.40419146979436,84.89518121652381,-17.737918587828027,-26.932473994405953,142.683113267666,364.53144441901185
AAPL,GBM,2024,127.6515121459961,0.7599,162.72287166539655,190.21102905273438,49.00805000663716,14.451400386313543,-23.574904406145695,-31.715172537042868,97.55779018457805,249.32692835466045
AAPL,GBM,2025,190.21102905273438,0.8048,252.44250136745515,248.61578369140625,30.70524087353508,1.5392094657991646,-19.404895639767954,-28.172684865372727,153.30077736972257,387.1000397117102
AAPL,Historical Bootstrap,2016,24.403898239135742,0.8268,36.031639593187755,23.66843605041504,-3.013707816324468,52.23498298087136,-21.55178356924884,-31.30741462435932,19.14442290817748,60.330019846984136
AAPL,Historical Bootstrap,2017,23.66843605041504,0.7589,31.755682738005376,26.622358322143555,12.480428641066535,19.282004823712782,-28.57468522201009,-37.886941829346426,16.905254952036184,52.35171028371961
AAPL,Historical Bootstrap,2018,26.622358322143555,0.7687,35.62280401688038,39.52470397949219,48.464322736640916,9.872053601302996,-26.42966708722783,-35.87636187539039,19.58615764683212,57.78017915696191
AAPL,Historical Bootstrap,2019,39.52470397949219,0.7273,50.31677782161062,37.39424133300781,-5.3902051931616946,34.557557602314866,-27.70185509384639,-36.353985212815296,28.575627756821525,79.99156764051064
AAPL,Historical Bootstrap,2020,37.39424133300781,0.8381,50.02436251118609,70.65934753417969,88.95783151457827,29.20347518495262,-16.437527725165484,-24.773894356477758,31.247552546279362,73.74957350757902
AAPL,Historical Bootstrap,2021,70.65934753417969,0.8306,93.20284975960878,128.81675720214844,82.30674595436443,27.646952318984226,-16.83265447803547,-25.566176742373298,58.765503707316945,137.21921990100222
AAPL,Historical Bootstrap,2022,128.81675720214844,0.8163,173.04400430023958,173.44943237304688,34.64819029783342,0.23374424883404699,-19.372300618628216,-28.353727342038788,103.86198774977983,266.8298517599657
AAPL,Historical Bootstrap,2023,173.44943237304688,0.8202,234.932427299503,127.6515121459961,-26.40419146979436,84.04202453223493,-19.204784462796557,-28.018140915831975,140.13884273385915,359.7364136259219
AAPL,Historical Bootstrap,2024,127.6515121459961,0.7572,163.5738253259531,190.21102905273438,49.00805000663716,14.00402692705918,-24.53566432661087,-32.80039346157362,96.33136561801159,253.04029313296422
AAPL,Historical Bootstrap,2025,190.21102905273438,0.8051,252.2990421136532,248.61578369140625,30.70524087353508,1.4815062694566434,-20.737193406487034,-29.357875798197053,150.7666000775996,387.16741788687807
AAPL,Jump Diffusion,2016,24.403898239135742,0.8264,38.01911863279169,23.66843605041504,-3.013707816324468,60.632153944641395,-23.655624892558055,-34.14168204308676,18.63100361252421,67.63634616628933
AAPL,Jump Diffusion,2017,23.66843605041504,0.7451,32.70534173544793,26.622358322143555,12.480428641066535,22.84915310543605,-30.75343789706771,-40.71901945193156,16.389578268443465,56.81777549205082
AAPL,Jump Diffusion,2018,26.622358322143555,0.7473,35.96953938499729,39.52470397949219,48.464322736640916,8.9947911977773,-30.744540435590356,-39.912789436098564,18.437436602884375,61.04404522488987
AAPL,Jump Diffusion,2019,39.52470397949219,0.7077,50.67001195252553,37.39424133300781,-5.3902051931616946,35.502179336365415,-31.75725299321483,-40.557852295443524,26.972743741905603,83.6166187544701
AAPL,Jump Diffusion,2020,37.39424133300781,0.8772,54.467706993562096,70.65934753417969,88.95783151457827,22.915072252521565,-13.53273318824752,-22.86534701856121,32.33377842564249,85.1082927141497
AAPL,Jump Diffusion,2021,70.65934753417969,0.8244,96.09079244747245,128.81675720214844,82.30674595436443,25.405052467917717,-17.377298011775526,-26.518613086191444,58.38066213998912,146.86000323435476
AAPL,Jump Diffusion,2022,128.81675720214844,0.7935,175.63406525392634,173.44943237304688,34.64819029783342,1.2595214933773071,-23.019095720261554,-32.32939226909794,99.16430455804897,279.6024087734721
AAPL,Jump Diffusion,2023,173.44943237304688,0.8026,238.89640640387125,127.6515121459961,-26.40419146979436,87.14733761292499,-21.832854268418703,-31.00329426876911,135.5804705736401,384.65180103795655
AAPL,Jump Diffusion,2024,127.6515121459961,0.7568,167.93613261251207,190.21102905273438,49.00805000663716,11.710622959747925,-26.53720787292289,-35.72452639684392,93.7763650148837,271.0098631642124
AAPL,Jump Diffusion,2025,190.21102905273438,0.8006,260.5831502994925,248.61578369140625,30.70524087353508,4.813598891589569,-22.034278822595954,-31.567557141927743,148.29940055992589,418.5850727730728
KO,GARCH,2016,29.446060180664062,0.7498,33.62453118494199,30.95953941345215,5.139836105415289,8.607982618539495,-15.473797041426703,-21.995732718041257,24.88963659161174,44.120463183032754
KO,GARCH,2017,30.95953941345215,0.7473,35.38925261224825,30.848989486694336,-0.3570787190386228,14.717704537817038,-15.860814792845993,-22.390121082517002,26.049104206366344,46.72533072088555
KO,GARCH,2018,30.848989486694336,0.7214,34.73190752509193,35.28571701049805,14.382083814179206,1.569500444730521,-16.39068916902651,-22.233385327444413,25.7926275081446,45.75365371383624
KO,GARCH,2019,35.28571701049805,0.6939,39.039648772455344,37.67578887939453,6.77348250620896,3.619990273930876,-17.312397780144433,-23.129918184647323,29.176913322064536,51.056706969215114
KO,GARCH,2020,37.67578887939453,0.7753,42.690235154966956,45.4367790222168,20.59940978984217,6.044759171654507,-13.26660186298815,-18.777134503419237,32.677491970025294,54.11033662609084
KO,GARCH,2021,45.4367790222168,0.7686,51.183781698873936,46.558677673339844,2.46914212509316,9.933924794824,-12.739337776614935,-18.032442741806705,39.64843426776248,64.79845280241437
KO,GARCH,2022,46.558677673339844,0.7197,52.12822365744984,51.85356140136719,11.372495939804727,0.5296883158258975,-15.709632369965476,-21.25534044334866,39.24448057454096,67.89031002449974
KO,GARCH,2023,51.85356140136719,0.7223,57.96252219495971,57.35499954223633,10.609566618357844,1.0592322510193755,-15.699231406481251,-21.656944046495425,43.71295080446471,75.32915705842011
KO,GARCH,2024,57.35499954223633,0.7196,64.32564999692539,54.81157684326172,-4.434526578806139,17.35778042085883,-17.215660784883376,-23.07249295955254,47.48095737787351,84.70788904850053
KO,GARCH,2025,54.81157684326172,0.6914,60.61312910299969,59.6774787902832,8.877507685896243,1.5678449084696158,-17.506804842382145,-22.83286718346693,45.215821054279566,79.419400394685
KO,GBM,2016,29.446060180664062,0.7157,33.185186099350744,30.95953941345215,5.139836105415289,7.188888233045017,-18.72639429386372,-24.521773186951563,23.93187484722451,43.957963227563965
KO,GBM,2017,30.95953941345215,0.7032,34.846455593572706,30.848989486694336,-0.3570787190386228,12.958175205714733,-18.71425847110355,-24.832622553223853,25.165691186155538,46.63730707237469
KO,GBM,2018,30.848989486694336,0.667,34.1753786343521,35.28571701049805,14.382083814179206,3.146707705601119,-19.94300621808059,-25.434469462643072,24.696773595147857,45.93644123336454
KO,GBM,2019,35.28571701049805,0.6472,38.520198074547025,37.67578887939453,6.77348250620896,2.241251531203675,-21.242324014648265,-27.023873638277145,27.790210672236192,51.494269825831395
KO,GBM,2020,37.67578887939453,0.7409,42.21075274582356,45.4367790222168,20.59940978984217,7.100032937668919,-14.41634972821531,-19.5449901571507,32.24431539167696,53.771075052910874
KO,GBM,2021,45.4367790222168,0.7483,50.61074242468766,46.558677673339844,2.46914212509316,8.703135384938312,-13.9543325375864,-18.686327011822083,39.096379783088366,64.08451108612499
KO,GBM,2022,46.558677673339844,0.6841,51.44086764845499,51.85356140136719,11.372495939804727,0.7958831404419529,-18.87012006061377,-24.55390197848875,37.77299929774644,67.76099433096813
KO,GBM,2023,51.85356140136719,0.6874,57.239238587833896,57.35499954223633,10.609566618357844,0.20183236915063685,-18.933279357760867,-24.796740391059544,42.03598176429828,75.20815980149516
KO,GBM,2024,57.35499954223633,0.6849,63.51357217805069,54.81157684326172,-4.434526578806139,15.87619958402775,-18.702905288829772,-24.7816147197149,46.62794829944312,84.15016489211474
KO,GBM,2025,54.81157684326172,0.6498,59.672892773291984,59.6774787902832,8.877507685896243,0.007684669466910454,-20.353895404127716,-25.67388176030872,43.65528582323114,78.49371867764707
KO,Historical Bootstrap,2016,29.446060180664062,0.7005,33.02416308219736,30.95953941345215,5.139836105415289,6.668780310885758,-18.581156772653813,-24.31843373108357,23.974641575124885,44.25397005172637
KO,Historical Bootstrap,2017,30.95953941345215,0.7105,34.90536682360937,30.848989486694336,-0.3570787190386228,13.149141687978513,-18.174231978263137,-24.044354464576656,25.33288090104955,46.77608729149027
KO,Historical Bootstrap,2018,30.848989486694336,0.6731,34.15434269219115,35.28571701049805,14.382083814179206,3.2063237314131814,-20.38657326071463,-26.256585841931372,24.55993764479924,45.87759050787838
KO,Historical Bootstrap,2019,35.28571701049805,0.6502,38.511650254902776,37.67578887939453,6.77348250620896,2.218563699313513,-20.50852754887172,-26.514607673067925,28.04913601658314,51.119505640341195
KO,Historical Bootstrap,2020,37.67578887939453,0.7476,42.38167542234883,45.4367790222168,20.59940978984217,6.723856016233334,-13.789769642445664,-18.9735781906834,32.480384381951865,54.1606371488185
KO,Historical Bootstrap,2021,45.4367790222168,0.7498,50.618660884870295,46.558677673339844,2.46914212509316,8.720142870069642,-13.808775210621171,-19.377606847771535,39.162516344092204,63.85508280486805
KO,Historical Bootstrap,2022,46.558677673339844,0.6806,51.304006912012774,51.85356140136719,11.372495939804727,1.0598201444653785,-19.198473724077616,-24.86427042324685,37.6201221739457,67.5510153906911
KO,Historical Bootstrap,2023,51.85356140136719,0.687,57.304691071092236,57.35499954223633,10.609566618357844,0.08771418628823234,-17.827795840885248,-23.795496824430536,42.60921433850337,75.14765706973756
KO,Historical Bootstrap,2024,57.35499954223633,0.6814,63.564244496906795,54.81157684326172,-4.434526578806139,15.968647788904269,-19.005996640144566,-24.90655958838182,46.45411025628396,84.52713106170665
KO,Historical Bootstrap,2025,54.81157684326172,0.6547,59.73404486257331,59.6774787902832,8.877507685896243,0.09478629700308353,-20.626763293032628,-26.54341951054669,43.50572263062344,78.77131490682812
KO,Jump Diffusion,2016,29.446060180664062,0.7233,34.02769624289623,30.95953941345215,5.139836105415289,9.910214711110813,-19.694892094847177,-26.404880871370008,23.646690401898514,47.12509560648497
KO,Jump Diffusion,2017,30.95953941345215,0.72,35.8285537044457,30.848989486694336,-0.3570787190386228,16.141741757535147,-20.646032534994198,-27.376790879829038,24.567622833466466,49.74068730256382
KO,Jump Diffusion,2018,30.848989486694336,0.6735,34.76472973762486,35.28571701049805,14.382083814179206,1.4764820358282176,-22.983070669061327,-29.434950277330252,23.758944432276078,48.73717960646011
KO,Jump Diffusion,2019,35.28571701049805,0.6604,39.39467917132244,37.67578887939453,6.77348250620896,4.562320638939543,-23.19015387612638,-29.51591511718047,27.10290493946905,54.48061070117446
KO,Jump Diffusion,2020,37.67578887939453,0.7268,42.29145368861584,45.4367790222168,20.59940978984217,6.922421442028313,-16.23234418985098,-22.03791849484186,31.56012515224961,55.336354151878005
KO,Jump Diffusion,2021,45.4367790222168,0.6439,48.721309070973916,46.558677673339844,2.46914212509316,4.644958804043582,-19.07759551977419,-24.593131815601826,36.76853410314467,62.43067908578915
KO,Jump Diffusion,2022,46.558677673339844,0.6403,50.96906377103895,51.85356140136719,11.372495939804727,1.7057606197612492,-23.097797498544157,-29.590283754227308,35.80464858635192,69.01257475712274
KO,Jump Diffusion,2023,51.85356140136719,0.6465,56.91933586777118,57.35499954223633,10.609566618357844,0.7595914531292486,-23.024000752948602,-29.384796132465762,39.91479703388574,77.72911812414205
KO,Jump Diffusion,2024,57.35499954223633,0.6222,62.62547255366072,54.81157684326172,-4.434526578806139,14.25592212525374,-24.481669793931413,-30.665463809374206,43.31353794399516,86.49018907056069
KO,Jump Diffusion,2025,54.81157684326172,0.5861,58.46794125215818,59.6774787902832,8.877507685896243,2.0267906128801902,-25.831241178428215,-31.882469110715434,40.653066235179274,80.20760351839823
NVDA,GARCH,2016,0.4805058538913727,0.6732,0.6755594115722284,0.8030001521110535,67.11558154972793,15.870574893888714,-44.63375778886151,-54.66054582182443,0.26603803490419664,1.3580449788156945
NVDA,GARCH,2017,0.8030001521110535,0.6788,1.1275067030633508,2.625490427017212,226.9601406817805,57.05538700652215,-43.90650162046899,-54.17072360494012,0.45043087731204534,2.250687809551184
NVDA,GARCH,2018,2.625490427017212,0.7038,4.132321281440546,4.778075695037842,81.98793055460331,13.514947330531601,-47.13836893487039,-59.25224961678597,1.3878770631801345,8.855175914673888
NVDA,GARCH,2019,4.778075695037842,0.7478,7.092434734888724,3.3057000637054443,-30.81524289917589,114.55167130131676,-36.20808056740848,-46.650569054277625,3.0480261978067773,13.280857645434123
NVDA,GARCH,2020,3.3057000637054443,0.8028,5.291235655890365,5.849206924438477,76.94306233826761,9.539263625926129,-29.696011334925952,-41.30890376834622,2.324038998088821,9.998439219287803
NVDA,GARCH,2021,5.849206924438477,0.7895,9.08618524824172,13.002532005310059,122.29564064462124,30.119877847398925,-29.45117967304648,-40.78799102781789,4.126546483673825,16.611654336659605
NVDA,GARCH,2022,13.002532005310059,0.8473,22.295482054519194,29.318378448486328,125.48207100365605,23.953904566402503,-24.59490249569267,-36.80163471140812,9.804571936632817,41.626590346740926
NVDA,GARCH,2023,29.318378448486328,0.8961,54.62931159519967,14.581599235534668,-50.264646248580306,274.6455427335475,-14.431263732550537,-27.441252712028053,25.087365932478008,101.83994479479955
NVDA,GARCH,2024,14.581599235534668,0.8455,26.804411723952867,49.43413543701172,239.01724110304082,45.77752500980487,-26.470741917888276,-39.949484241109765,10.721741734395517,53.03450597875732
NVDA,GARCH,2025,49.43413543701172,0.8949,100.37923457121872,134.08973693847656,171.24928099396382,25.140255426651333,-18.05576824764071,-31.12960794522321,40.50842250728005,196.5864676535168
NVDA,GBM,2016,0.4805058538913727,0.5854,0.6032803809073385,0.8030001521110535,67.11558154972793,24.87169780462185,-49.462592463337515,-58.71239644452415,0.242835201618603,1.1891701902953753
NVDA,GBM,2017,0.8030001521110535,0.5892,1.0078154036115483,2.625490427017212,226.9601406817805,61.61420383632801,-50.205572650857434,-58.73305353000289,0.39984932735644285,1.9634337699393578
NVDA,GBM,2018,2.625490427017212,0.6316,3.4526860166220574,4.778075695037842,81.98793055460331,27.738984541250293,-47.13430535221584,-56.42339235253693,1.3879837521537237,6.765393551055186
NVDA,GBM,2019,4.778075695037842,0.6511,6.466680509388302,3.3057000637054443,-30.81524289917589,95.62211890874435,-44.89905408953599,-53.9421688223002,2.6327649042838286,12.732032780789453
NVDA,GBM,2020,3.3057000637054443,0.7458,4.81728842066944,5.849206924438477,76.94306233826761,17.642024245331353,-34.61280592177306,-44.193420846429895,2.1615045162991504,8.898135640812068
NVDA,GBM,2021,5.849206924438477,0.7409,8.261248006697176,13.002532005310059,122.29564064462124,36.46431323281193,-32.710919404581965,-42.4861671324665,3.9358775615781787,14.932158707583508
NVDA,GBM,2022,13.002532005310059,0.7937,20.24557966911008,29.318378448486328,125.48207100365605,30.94577278657329,-28.49649003308654,-39.277148726715794,9.29726676836799,37.21675438799248
NVDA,GBM,2023,29.318378448486328,0.8636,50.02434953925337,14.581599235534668,-50.264646248580306,243.06490482433776,-20.210752332676336,-32.74630869180501,23.392913592306,89.42323342288337
NVDA,GBM,2024,14.581599235534668,0.803,23.58159982771318,49.43413543701172,239.01724110304082,52.29693081664082,-28.61954566717719,-39.62015104965316,10.408411783316064,44.71805279832161
NVDA,GBM,2025,49.43413543701172,0.8535,89.41951820126118,134.08973693847656,171.24928099396382,33.3136746757219,-23.94794656865566,-36.56377670978607,37.59567509587928,173.3185022568706
NVDA,Historical Bootstrap,2016,0.4805058538913727,0.5892,0.6049669008602906,0.8030001521110535,67.11558154972793,24.661670453005748,-49.9924417994986,-58.539834812112645,0.2402892445415444,1.2014219841700684
NVDA,Historical Bootstrap,2017,0.8030001521110535,0.5888,1.0004703960970098,2.625490427017212,226.9601406817805,61.89396137948855,-51.12705635987771,-60.06094841888069,0.3924498117713314,1.9722408821832518
NVDA,Historical Bootstrap,2018,2.625490427017212,0.634,3.47167723488123,4.778075695037842,81.98793055460331,27.341518710416018,-47.518104045142856,-56.461632340324805,1.3779071542119077,6.871812511074581
NVDA,Historical Bootstrap,2019,4.778075695037842,0.6499,6.434238600274062,3.3057000637054443,-30.81524289917589,94.6407259060811,-44.6373116586585,-54.63658310582345,2.6452711557571873,12.478567698983728
NVDA,Historical Bootstrap,2020,3.3057000637054443,0.7418,4.78126098658633,5.849206924438477,76.94306233826761,18.257961321049855,-34.661754547088734,-44.457749590541965,2.1598864215609073,8.790203868127223
NVDA,Historical Bootstrap,2021,5.849206924438477,0.7388,8.247601709730876,13.002532005310059,122.29564064462124,36.569264306654524,-32.557207395458754,-43.08522964133882,3.944868495059507,14.881344633656074
NVDA,Historical Bootstrap,2022,13.002532005310059,0.8014,20.327608681912,29.318378448486328,125.48207100365605,30.665985782165624,-27.84579653605208,-38.2471510223652,9.381873398576367,36.97711574602585
NVDA,Historical Bootstrap,2023,29.318378448486328,0.8652,49.6309927998764,14.581599235534668,-50.264646248580306,240.36728069530272,-19.81544169566422,-31.959879477369057,23.508812260912336,88.5343955164316
NVDA,Historical Bootstrap,2024,14.581599235534668,0.8094,23.793261774961564,49.43413543701172,239.01724110304082,51.8687612019055,-29.00904556759168,-40.69895218979584,10.351616468814816,44.81986776024091
NVDA,Historical Bootstrap,2025,49.43413543701172,0.8584,89.72750763311207,134.08973693847656,171.24928099396382,33.08398563397802,-22.55654362020473,-35.43310814955197,38.283503113891086,172.82588348121303
NVDA,Jump Diffusion,2016,0.4805058538913727,0.5641,0.6097228456116607,0.8030001521110535,67.11558154972793,24.06939849155382,-55.03672493567979,-63.623911302513335,0.2160511687853385,1.280529121488196
NVDA,Jump Diffusion,2017,0.8030001521110535,0.5767,1.0204509563976831,2.625490427017212,226.9601406817805,61.132939358799895,-54.126364920856375,-62.80557384971011,0.3683653594643929,2.10144826790439
NVDA,Jump Diffusion,2018,2.625490427017212,0.6262,3.639912273026252,4.778075695037842,81.98793055460331,23.820539787463026,-51.06990140000479,-60.66576326158783,1.284655054672957,7.828445227676102
NVDA,Jump Diffusion,2019,4.778075695037842,0.6754,7.0593294936118935,3.3057000637054443,-30.81524289917589,113.55021198441426,-48.07804152394975,-57.735329831832246,2.4808704783317976,14.861445808629338
NVDA,Jump Diffusion,2020,3.3057000637054443,0.7536,5.166944310027311,5.849206924438477,76.94306233826761,11.664190089781485,-36.23881768289855,-47.43775816094432,2.107753444475767,10.12862699821322
NVDA,Jump Diffusion,2021,5.849206924438477,0.7637,9.059709786079111,13.002532005310059,122.29564064462124,30.32349559009547,-33.33444520954478,-43.92807301470065,3.899406247018633,17.386985986077313
NVDA,Jump Diffusion,2022,13.002532005310059,0.8117,22.43173568198608,29.318378448486328,125.48207100365605,23.48916662836719,-28.972170584751193,-41.2743446494881,9.235416252394758,44.059288989933385
NVDA,Jump Diffusion,2023,29.318378448486328,0.8741,55.52636716993602,14.581599235534668,-50.264646248580306,280.7975124883483,-20.09744991493808,-31.911976658053405,23.42613202392979,106.89885043918379
NVDA,Jump Diffusion,2024,14.581599235534668,0.8261,26.220175203554902,49.43413543701172,239.01724110304082,46.95937337274912,-30.104280348709896,-41.896659058383996,10.191913722343973,52.892867844653836
NVDA,Jump Diffusion,2025,49.43413543701172,0.8718,103.81028407148733,134.08973693847656,171.24928099396382,22.58148427935401,-23.053981819544312,-37.0309556819006,38.037598840714125,213.88694732389007
SPY,GARCH,2016,169.77870178222656,0.7159,189.66129251139392,171.87428283691406,1.2343014952343556,10.348848810241948,-17.611204141629447,-24.89414390677009,139.87862802235037,248.10373517508057
SPY,GARCH,2017,171.87428283691406,0.6987,191.15582130243183,192.4955291748047,11.997866113255267,0.6959683054021842,-18.99589417794018,-26.228968919893113,139.22522595012026,255.182539015532
SPY,GARCH,2018,192.4955291748047,0.6979,214.4609369495444,234.2774658203125,21.705406263002473,8.458572317820403,-18.75336291762953,-25.857936015477012,156.39614398844213,284.8966742529145
SPY,GARCH,2019,234.2774658203125,0.7332,264.6403170391974,223.57337951660156,-4.568978184150592,18.36843796492613,-17.57392660785732,-25.698360442703148,193.10571591830276,350.4166922108851
SPY,GARCH,2020,223.57337951660156,0.7984,259.19773636548035,293.38165283203125,31.22387534077868,11.651688555358332,-12.667574828093139,-19.820863034035035,195.2520543706394,335.3818641448154
SPY,GARCH,2021,293.38165283203125,0.8259,340.0251142659923,347.16326904296875,18.33162220329057,2.056137677426059,-10.186425522780068,-16.893367326091447,263.4965492687952,432.4321994968304
SPY,GARCH,2022,347.16326904296875,0.8153,405.5119796303803,446.89892578125,28.72874685539871,9.26091869174193,-11.582096688136016,-18.948165433126498,306.95448355671834,523.7028996225526
SPY,GARCH,2023,446.89892578125,0.8651,532.4528305586102,365.67340087890625,-18.175368123865745,45.608849120238155,-7.76845505276852,-14.200837362067222,412.18178360062825,678.8763721519929
SPY,GARCH,2024,365.67340087890625,0.7822,423.961282208093,461.3913879394531,26.175813398099514,8.112441348010588,-14.776858892455632,-23.287627333065032,311.63835842378666,558.5238378932589
SPY,GARCH,2025,461.3913879394531,0.7871,535.339815439105,576.2152709960938,24.886438294706224,7.093782066262845,-14.483240584967891,-23.1913648736097,394.5669631858596,697.7399877183235
SPY,GBM,2016,169.77870178222656,0.6421,186.6699679199929,171.87428283691406,1.2343014952343556,8.608434513218004,-22.557274493429997,-28.474769635139985,131.4812539898278,255.26670314035553
SPY,GBM,2017,171.87428283691406,0.6299,188.2947841713023,192.4955291748047,11.997866113255267,2.1822558796613425,-23.756781519496283,-29.941700399375833,131.0424849751473,257.9921408523371
SPY,GBM,2018,192.4955291748047,0.6274,210.40475116578332,234.2774658203125,21.705406263002473,10.189932083711033,-23.926552620021592,-30.444293672962463,146.43798509560602,290.00118303004587
SPY,GBM,2019,234.2774658203125,0.6562,259.6436812352201,223.57337951660156,-4.568978184150592,16.133540494225112,-22.546468994938035,-28.824249394971694,181.4561696270092,356.5895703665444
SPY,GBM,2020,223.57337951660156,0.7665,255.46702640553713,293.38165283203125,31.22387534077868,12.923312027354775,-14.040546058174971,-19.703069712034726,192.1824561917548,331.41351987733475
SPY,GBM,2021,293.38165283203125,0.8086,337.0508721470236,347.16326904296875,18.33162220329057,2.912864867248825,-10.589099035936291,-16.004288994710198,262.3151790603807,426.7901104555621
SPY,GBM,2022,347.16326904296875,0.7695,400.3338436652549,446.89892578125,28.72874685539871,10.419600368157512,-14.202729395680969,-20.077677746837953,297.856609379596,525.2866411239957
SPY,GBM,2023,446.89892578125,0.8171,526.621957904874,365.67340087890625,-18.175368123865745,44.01429161626833,-11.094827445446933,-16.882622622496545,397.31626111026435,679.0922569582167
SPY,GBM,2024,365.67340087890625,0.7495,417.24656753618626,461.3913879394531,26.175813398099514,9.567759944635084,-15.655490987044688,-21.439888133589736,308.4254345622893,544.2703875198267
SPY,GBM,2025,461.3913879394531,0.7461,526.6439391402499,576.2152709960938,24.886438294706224,8.602918796329483,-15.688129004194574,-21.075447368294643,389.0077117852679,694.0182762644681
SPY,Historical Bootstrap,2016,169.77870178222656,0.6389,186.14250218647547,171.87428283691406,1.2343014952343556,8.301544078645003,-23.21025571750531,-29.4359186198547,130.37263094471103,253.68552189033957
SPY,Historical Bootstrap,2017,171.87428283691406,0.626,187.28463363228502,192.4955291748047,11.997866113255267,2.7070215941418905,-24.23322476590018,-30.91020690235972,130.22360156226569,257.03535567984744
SPY,Historical Bootstrap,2018,192.4955291748047,0.6319,210.7089406875107,234.2774658203125,21.705406263002473,10.060090521415542,-24.109867418959162,-30.433513612928024,146.08511230333542,289.97266557738095
SPY,Historical Bootstrap,2019,234.2774658203125,0.6578,259.74355138144523,223.57337951660156,-4.568978184150592,16.17821045736701,-22.747309281807034,-29.14893168413135,180.98564609258625,355.69148988488456
SPY,Historical Bootstrap,2020,223.57337951660156,0.7672,255.77728741576863,293.38165283203125,31.22387534077868,12.817558648697137,-13.969532540641927,-19.659391097048957,192.34122351281704,331.35421601413105
SPY,Historical Bootstrap,2021,293.38165283203125,0.7986,335.93649929267247,347.16326904296875,18.33162220329057,3.2338587492983697,-10.987275204890874,-16.283019574234036,261.14700323471845,424.0617311758639
SPY,Historical Bootstrap,2022,347.16326904296875,0.7735,399.9008574390931,446.89892578125,28.72874685539871,10.51648720345363,-15.2460371015294,-21.376937227754294,294.2346282417954,521.5529633852228
SPY,Historical Bootstrap,2023,446.89892578125,0.8227,526.3156996086508,365.67340087890625,-18.175368123865745,43.930539750399205,-10.861344969601639,-17.09603435209755,398.35969178670445,680.7104403596404
SPY,Historical Bootstrap,2024,365.67340087890625,0.7487,416.35450338992484,461.3913879394531,26.175813398099514,9.761102119972453,-15.782028061398579,-21.648725546085405,307.96272213912675,543.5016682846987
SPY,Historical Bootstrap,2025,461.3913879394531,0.7466,526.6100461362958,576.2152709960938,24.886438294706224,8.6088008000979,-16.413386610836582,-22.369656081851886,385.66143564784585,689.6215093839207
SPY,Jump Diffusion,2016,169.77870178222656,0.5792,183.09263548907322,171.87428283691406,1.2343014952343556,6.5270687778251775,-29.56784787728936,-36.28578106141826,119.57879351122105,263.22994423623476
SPY,Jump Diffusion,2017,171.87428283691406,0.5653,183.73955819732583,192.4955291748047,11.997866113255267,4.548661994911881,-29.639110025899207,-36.48247047366204,120.93227504065591,263.4884381385171
SPY,Jump Diffusion,2018,192.4955291748047,0.5747,206.55080802075227,234.2774658203125,21.705406263002473,11.834965732823054,-29.71128699757781,-36.331100314565056,135.30263004417233,296.8642549425195
SPY,Jump Diffusion,2019,234.2774658203125,0.5947,254.29887341947713,223.57337951660156,-4.568978184150592,13.742912492224518,-28.04931029183455,-35.0257164677349,168.56425248852642,363.7384923862547
SPY,Jump Diffusion,2020,223.57337951660156,0.7333,254.44373801961316,293.38165283203125,31.22387534077868,13.27210288596713,-17.196615638129003,-23.348560704630632,185.12632477195615,336.6730648350538
SPY,Jump Diffusion,2021,293.38165283203125,0.7453,331.39196893979124,347.16326904296875,18.33162220329057,4.542905747677321,-14.67422616810623,-19.929814009129757,250.33016555973074,426.09869260700646
SPY,Jump Diffusion,2022,347.16326904296875,0.7104,394.67252784878434,446.89892578125,28.72874685539871,11.68640041843145,-19.543400982839028,-26.173760532281413,279.3157593087691,535.3426791405452
SPY,Jump Diffusion,2023,446.89892578125,0.7698,522.1415669617198,365.67340087890625,-18.175368123865745,42.78904774225797,-15.628891802698528,-22.1139163418106,377.05357620347644,698.3865128167993
SPY,Jump Diffusion,2024,365.67340087890625,0.6911,411.7721911129471,461.3913879394531,26.175813398099514,10.754252923554219,-20.900157508591867,-26.994268880886846,289.2470841281903,559.8268848068083
SPY,Jump Diffusion,2025,461.3913879394531,0.6864,518.3843701561716,576.2152709960938,24.886438294706224,10.036336027670846,-21.073447966006505,-27.147921517145306,364.16031388239725,705.252078236663
TSLA,GARCH,2016,14.827333450317383,0.8754,33.66363292954455,16.000667572021484,7.9133185048791495,110.38892769954327,-24.391781537163975,-39.85302981597532,11.210682667329129,73.65923786389465
TSLA,GARCH,2017,16.000667572021484,0.8526,32.86120019131444,14.246000289916992,-10.966212967093172,130.6696583080437,-27.84881618700953,-42.109533905136544,11.54467107119478,69.89321711418475
TSLA,GARCH,2018,14.246000289916992,0.8097,25.88841774817948,20.75666618347168,45.701711084217756,24.723390159804,-32.76668730279646,-44.4623955350753,9.578057921764414,52.96633803262772
TSLA,GARCH,2019,20.75666618347168,0.8354,36.966156978017,22.18666648864746,6.889354449003355,66.61429060076217,-27.14982367348814,-40.09336743298865,15.121267914164578,71.9409737933102
TSLA,GARCH,2020,22.18666648864746,0.8019,38.925083107015226,27.8886661529541,25.700118885476808,39.57312584808612,-33.281863557146245,-45.61193949638805,14.802530420016723,79.05700761100695
TSLA,GARCH,2021,27.8886661529541,0.7929,48.555120263955594,235.22332763671875,743.4369946079431,79.35786354534335,-33.73729631879406,-45.34828107990958,18.479784213572753,99.03833594163672
TSLA,GARCH,2022,235.22332763671875,0.88,519.8814542892445,352.260009765625,49.755559240135774,47.58457953690113,-22.405853198688906,-38.045513758169115,182.51953415736452,1125.9193938107733
TSLA,GARCH,2023,352.260009765625,0.899,812.9026986115476,123.18000030517578,-65.03151169866453,559.9307489832755,-18.21287095620299,-34.61950103220532,288.10334875670367,1730.8334398236984
TSLA,GARCH,2024,123.18000030517578,0.8299,256.6319779069083,248.47999572753906,101.72105464518206,3.280739825956834,-33.818307545598294,-47.11077768942085,81.52260896730252,571.9905085895418
TSLA,GARCH,2025,248.47999572753906,0.8124,464.8600632081559,403.8399963378906,62.52414813331912,15.10996122811227,-32.470636629497434,-46.08462603105426,167.7969592178591,974.0431207852913
TSLA,GBM,2016,14.827333450317383,0.8044,28.677080780195332,16.000667572021484,7.9133185048791495,79.22427705666246,-37.0847247205058,-50.46755241648738,9.328657656875707,62.224310561154425
TSLA,GBM,2017,16.000667572021484,0.773,28.20492189209095,14.246000289916992,-10.966212967093172,97.98484710163721,-38.21014084273256,-50.01751197325003,9.88678995697464,60.34300541873811
TSLA,GBM,2018,14.246000289916992,0.7428,23.0962267748456,20.75666618347168,45.701711084217756,11.271369740661385,-41.40785917532419,-52.009847846666055,8.347036551751888,47.7042729113743
TSLA,GBM,2019,20.75666618347168,0.7477,33.30805417093491,22.18666648864746,6.889354449003355,50.1264472875097,-39.40986711947345,-50.91260603448401,12.57649162213281,68.17249722969596
TSLA,GBM,2020,22.18666648864746,0.7273,34.74623996810436,27.8886661529541,25.700118885476808,24.589106476230214,-42.123731683230965,-52.58778966752905,12.840814627516284,71.11590841625517
TSLA,GBM,2021,27.8886661529541,0.7255,43.18982739356081,235.22332763671875,743.4369946079431,81.63879925197571,-42.3989938416982,-53.00187316191385,16.06415230823132,87.7640443220669
TSLA,GBM,2022,235.22332763671875,0.812,445.23922591868256,352.260009765625,49.755559240135774,26.39505296525739,-34.22496597081739,-46.58154509495205,154.71822379762747,937.3885650386552
TSLA,GBM,2023,352.260009765625,0.8183,689.645469400078,123.18000030517578,-65.03151169866453,459.8680530049491,-33.992445834500614,-46.136436315106536,232.51821674943835,1505.0364161490209
TSLA,GBM,2024,123.18000030517578,0.7572,213.4866472838023,248.47999572753906,101.72105464518206,14.082964039530701,-41.72268964130086,-53.19097394355512,71.78599107769384,462.35089622483946
TSLA,GBM,2025,248.47999572753906,0.7165,402.2158459229351,403.8399963378906,62.52414813331912,0.40217671099536295,-46.20292519628715,-56.49875054768137,133.6749691738067,874.5025261258503
TSLA,Historical Bootstrap,2016,14.827333450317383,0.8033,28.832943222092524,16.000667572021484,7.9133185048791495,80.19837667591668,-34.848723590912975,-47.83766387224277,9.660197000313298,63.285824753084384
TSLA,Historical Bootstrap,2017,16.000667572021484,0.7798,28.444070810910304,14.246000289916992,-10.966212967093172,99.66355631090642,-36.9921790099601,-49.62677223812429,10.081671980990661,60.90024358788393
TSLA,Historical Bootstrap,2018,14.246000289916992,0.7395,22.988177482144412,20.75666618347168,45.701711084217756,10.750817491344836,-40.52305681145763,-51.277805776774876,8.47308549907351,47.56475502786031
TSLA,Historical Bootstrap,2019,20.75666618347168,0.7492,33.06869767639684,22.18666648864746,6.889354449003355,49.047616924865785,-38.62812014402972,-49.688716674022395,12.73875623222505,66.69961603962273
TSLA,Historical Bootstrap,2020,22.18666648864746,0.7242,34.47447968730521,27.8886661529541,25.700118885476808,23.614659439901214,-41.5903834495142,-51.781480999258974,12.959146821354114,70.47369210789839
TSLA,Historical Bootstrap,2021,27.8886661529541,0.7206,42.59689861022531,235.22332763671875,743.4369946079431,81.89086982222598,-40.93558687501109,-51.47691235243439,16.472276991629762,85.34949165255854
TSLA,Historical Bootstrap,2022,235.22332763671875,0.8118,445.6562827534938,352.260009765625,49.755559240135774,26.51344756675892,-33.941349481113065,-46.591506706200555,155.38535594243643,937.9425045335574
TSLA,Historical Bootstrap,2023,352.260009765625,0.8294,697.1632792338653,123.18000030517578,-65.03151169866453,465.9711621258795,-32.290915212937755,-45.38726980723952,238.51202868312077,1511.4588176173424
TSLA,Historical Bootstrap,2024,123.18000030517578,0.7519,214.67796769760903,248.47999572753906,101.72105464518206,13.603520851229533,-42.545169858952086,-53.48448312333082,70.77285994308104,469.26403690293654
TSLA,Historical Bootstrap,2025,248.47999572753906,0.7153,401.36420758637195,403.8399963378906,62.52414813331912,0.6130618002103981,-44.62010372526171,-56.09621339693748,137.60796389738528,858.0571871535503
TSLA,Jump Diffusion,2016,14.827333450317383,0.8441,35.536706901751806,16.000667572021484,7.9133185048791495,122.0951516041164,-32.69174803358765,-47.083317257171096,9.980018958639766,84.1571754569503
TSLA,Jump Diffusion,2017,16.000667572021484,0.838,35.48889991563743,14.246000289916992,-10.966212967093172,149.11483359126208,-32.15250679626914,-45.893259881274986,10.856051843478845,80.72996729196385
TSLA,Jump Diffusion,2018,14.246000289916992,0.8014,28.496512108437635,20.75666618347168,45.701711084217756,37.288482921834124,-36.01023301589484,-48.63915621842897,9.115982390072828,64.61094198057829
TSLA,Jump Diffusion,2019,20.75666618347168,0.8125,40.277942455135005,22.18666648864746,6.889354449003355,81.54120843590695,-33.73882098016718,-46.73888916212959,13.75361173837927,87.69952765021961
TSLA,Jump Diffusion,2020,22.18666648864746,0.8082,43.742933443847654,27.8886661529541,25.700118885476808,56.848424388393326,-36.0478839300666,-47.68867725703137,14.188842704868842,96.06660307131328
TSLA,Jump Diffusion,2021,27.8886661529541,0.7819,51.348824926695094,235.22332763671875,743.4369946079431,78.1701817406483,-38.592489597468195,-50.74895797125014,17.125735569002657,113.16545351623643
TSLA,Jump Diffusion,2022,235.22332763671875,0.8389,529.4576544113837,352.260009765625,49.755559240135774,50.30308287439627,-31.05844947392946,-45.59571244133334,162.1666092717729,1215.958492231252
TSLA,Jump Diffusion,2023,352.260009765625,0.8608,834.6838454993627,123.18000030517578,-65.03151169866453,577.6131217985481,-29.192767200646312,-43.66575051705862,249.42556517377213,1906.7751262731742
TSLA,Jump Diffusion,2024,123.18000030517578,0.7987,256.00427000807065,248.47999572753906,101.72105464518206,3.0281207380500894,-39.22546616256887,-52.15003602209136,74.86207096641682,595.7503422254794
TSLA,Jump Diffusion,2025,248.47999572753906,0.77,472.7180123288474,403.8399963378906,62.52414813331912,17.055768773662265,-43.58777651644331,-54.090592179926844,140.17309050175143,1090.218065126521
